{

"จริยาปิฎก กลุ่ม ทานบารมี ๑๐ ชาติ ๘ ตอน": [

    {
      "title": "ตอนที่ ๑ เหตุแสดงจริยาปิฏก",
      "url": "https://archive.org/download/20250528_20250528_1234/%E0%B9%91.%20%E0%B9%80%E0%B8%AB%E0%B8%95%E0%B8%B8%E0%B9%81%E0%B8%AA%E0%B8%94%E0%B8%87%E0%B8%88%E0%B8%A3%E0%B8%B4%E0%B8%A2%E0%B8%B2%E0%B8%9B%E0%B8%B4%E0%B8%8F%E0%B8%81%20%E0%B9%91.mp3"
    },
    {
      "title": "ตอนที่ ๒ อกิตติดาบส จริยาที่ ๑",
      "url": "https://archive.org/download/20250528_20250528_1234/%E0%B9%92.%20%E0%B8%AD%E0%B8%81%E0%B8%B4%E0%B8%95%E0%B8%95%E0%B8%B4%E0%B8%88%E0%B8%A3%E0%B8%B4%E0%B8%A2%E0%B8%B2%20%E0%B8%97%E0%B8%B5%E0%B9%88%20%E0%B9%91.mp3"
    },
  {
      "title": "ตอนที่ ๓ สังขพราหมณ์ จริยาที่ ๒",
      "url": "https://archive.org/download/20250528_20250528_1300/%E0%B9%93.%20%E0%B8%AA%E0%B8%B1%E0%B8%87%E0%B8%82%E0%B8%9E%E0%B8%A3%E0%B8%B2%E0%B8%AB%E0%B8%A1%E0%B8%93%20%E0%B8%88%E0%B8%A3%E0%B8%B4%E0%B8%A2%E0%B8%B2%20%E0%B8%97%E0%B8%B5%E0%B9%88%E0%B9%92.mp3"
    },
    {
      "title": "ตอนที่ ๔ พระเจ้าธนญชัย จริยาที่ ๓ และ มหาสุทัศน จริยาที่ ๔",
      "url": "https://archive.org/download/dhamma-jariya-set/Jariya4.mp3"
    },

  {
      "title": "ตอนที่ ๕ มหาโควินทพราหมณ์ จริยาที่๕ และ พระเจ้าเนมิราช จริยาที่๖",
      "url": "https://archive.org/download/dhamma-jariya-set/Jariya5.mp3"
    },
    {
      "title": "ตอนที่ ๖ พระจันทกุมาร จริยาที่๗ และ พระเจ้าสิวิราช จริยาที่๘",
      "url": "https://archive.org/download/dhamma-jariya-set/Jariya6.mp3"
    },
  {
      "title": "ตอนที่ ๗ พระเวสสันดร จริยาที่๘",
      "url": "https://archive.org/download/dhamma-jariya-set/Jariya7.mp3"
    },
    {
      "title": "ตอนที่ ๘ สสบัณฑิต จริยาที่ ๑๐ และ บทสรุป",
      "url": "https://archive.org/download/dhamma-jariya-set/Jariya8.mp3"
    }

],





    
"พระรัตนตรัยอันทรงคุณ ๔ ตอน": [

    {
      "title": "ตอนที่ ๑ อานิสงส์นอบน้อม",
      "url": "https://dn721309.ca.archive.org/0/items/20250528_20250528_0812/%E0%B8%A7%E0%B8%B4%E0%B8%99%E0%B8%B1%E0%B8%A2%20%E0%B9%91%20%E0%B8%AD%E0%B8%B2%E0%B8%99%E0%B8%B4%E0%B8%AA%E0%B8%87%E0%B8%AA%E0%B9%8C%E0%B8%99%E0%B8%AD%E0%B8%9A%E0%B8%99%E0%B9%89%E0%B8%AD%E0%B8%A1.mp3"
    },
    {
      "title": "ตอนที่ ๒ พุทธคุณ ๑",
      "url": "https://archive.org/download/20250528_20250528_1152/%E0%B8%A7%E0%B8%B4%E0%B8%99%E0%B8%B1%E0%B8%A2%20%E0%B9%92%20%E0%B8%9E%E0%B8%B8%E0%B8%97%E0%B8%98%E0%B8%84%E0%B8%B8%E0%B8%93%20%E0%B9%91.mp3"
    },
  {
      "title": "ตอนที่ ๓ พุทธคุณ ๒",
      "url": "https://archive.org/download/20250528_20250528_0829/%E0%B8%A7%E0%B8%B4%E0%B8%99%E0%B8%B1%E0%B8%A2%20%E0%B9%93%20%E0%B8%9E%E0%B8%B8%E0%B8%97%E0%B8%98%E0%B8%84%E0%B8%B8%E0%B8%93%20%E0%B9%92.mp3"
    },
    {
      "title": "ตอนที่ ๔ ธรรมคุณและสังฆคุณ",
      "url": "https://archive.org/download/20250528_20250528_0829/%E0%B8%A7%E0%B8%B4%E0%B8%99%E0%B8%B1%E0%B8%A2%20%E0%B9%94%20%E0%B8%98%E0%B8%A3%E0%B8%A3%E0%B8%A1%E0%B8%84%E0%B8%B8%E0%B8%93%E0%B9%81%E0%B8%A5%E0%B8%B0%E0%B8%AA%E0%B8%B1%E0%B8%87%E0%B8%86%E0%B8%84%E0%B8%B8%E0%B8%93.mp3"
    }
],







  

  
  "พุทธคุณ ๒๙ ตอน": [

    {
      "title": "ตอนที่ ๑ บทว่าด้วย อรหัง",
      "url": "https://archive.org/download/dhamma-sutta.com_20250521/%E0%B8%95%E0%B8%AD%E0%B8%99%E0%B8%97%E0%B8%B5%E0%B9%88%20%E0%B9%91%20%28dhamma-sutta.com%29.mp3"
    },
    {
      "title": "ตอนที่ ๒ ผู้ทรงไกลจากกิเลส",
      "url": "https://archive.org/download/dhamma-sutta.com_20250521/%E0%B8%95%E0%B8%AD%E0%B8%99%E0%B8%97%E0%B8%B5%E0%B9%88%20%E0%B9%92%20%28dhamma-sutta.com%29.mp3"
    },

    {
      "title": "ตอนที่ ๓ ผู้ทรงกำจัดข้าศึก",
      "url": "https://archive.org/download/dhamma-sutta.com_20250521/%E0%B8%95%E0%B8%AD%E0%B8%99%E0%B8%97%E0%B8%B5%E0%B9%88%20%E0%B9%93%20%28dhamma-sutta.com%29.mp3"
    },
    {
      "title": "ตอนที่ ๔ ผู้ทรงหักซี่กรรมแห่งสังสารจักร",
      "url": "https://archive.org/download/dhamma-sutta.com_20250521/%E0%B8%95%E0%B8%AD%E0%B8%99%E0%B8%97%E0%B8%B5%E0%B9%88%20%E0%B9%94%20%28dhamma-sutta.com%29.mp3"
    },

    {
      "title": "ตอนที่ ๕ ศีล-วินัย",
      "url": "https://archive.org/download/dhamma-sutta.com_20250521/%E0%B8%95%E0%B8%AD%E0%B8%99%E0%B8%97%E0%B8%B5%E0%B9%88%20%E0%B9%95%20%28dhamma-sutta.com%29.mp3"
    },
    {
      "title": "ตอนที่ ๖ ผุ้ควรแก่การบูชา ๑",
      "url": "https://archive.org/download/dhamma-sutta.com_20250521/%E0%B8%95%E0%B8%AD%E0%B8%99%E0%B8%97%E0%B8%B5%E0%B9%88%20%E0%B9%96%20%28dhamma-sutta.com%29.mp3"
    },

    {
      "title": "ตอนที่ ๗ ผุ้ควรแก่การบูชา ๒",
      "url": "https://archive.org/download/dhamma-sutta.com_20250521/%E0%B8%95%E0%B8%AD%E0%B8%99%E0%B8%97%E0%B8%B5%E0%B9%88%20%E0%B9%97%20%28dhamma-sutta.com%29.mp3"
    },
    {
      "title": "ตอนที่ ๘ พระอรหันต์ไม่มีที่ลับในการกระทำ",
      "url": "https://archive.org/download/dhamma-sutta.com_20250521/%E0%B8%95%E0%B8%AD%E0%B8%99%E0%B8%97%E0%B8%B5%E0%B9%88%20%E0%B9%98%20%28dhamma-sutta.com%29.mp3"
    },

    {
      "title": "ตอนที่ ๙ บทว่าด้วย อรหัง นัย ๒",
      "url": "https://archive.org/download/dhamma-sutta.com_20250521/%E0%B8%95%E0%B8%AD%E0%B8%99%E0%B8%97%E0%B8%B5%E0%B9%88%20%E0%B9%99%20%28dhamma-sutta.com%29.mp3"
    },
    {
      "title": "ตอนที่ ๑๐ การเจริญพุทธคุณ ๑",
      "url": "https://archive.org/download/dhamma-sutta.com_20250521/%E0%B8%95%E0%B8%AD%E0%B8%99%E0%B8%97%E0%B8%B5%E0%B9%88%20%E0%B9%91%E0%B9%90%20%28dhamma-sutta.com%29.mp3"
    },

    {
      "title": "ตอนที่ ๑๑ การเจริญพุทธคุณ ๒",
      "url": "https://archive.org/download/dhamma-sutta.com_20250521/%E0%B8%95%E0%B8%AD%E0%B8%99%E0%B8%97%E0%B8%B5%E0%B9%88%20%E0%B9%91%E0%B9%91%20%28dhamma-sutta.com%29.mp3"
    },
    {
      "title": "ตอนที่ ๑๒ การเจริญพุทธคุณ ๓",
      "url": "รอดำเนินการ"
    },

    {
      "title": "ตอนที่ ๑๓ พระสารีบุตรประกาศความเลื่อมใส ๑ (สัมปสาทนียสูตร)",
      "url": "https://archive.org/download/dhamma-sutta.com_20250521/%E0%B8%95%E0%B8%AD%E0%B8%99%E0%B8%97%E0%B8%B5%E0%B9%88%20%E0%B9%91%E0%B9%93%20%28dhamma-sutta.com%29.mp3"
    },
    {
      "title": "ตอนที่ ๑๔ พระสารีบุตรประกาศความเลื่อมใส ๒ (สัมปสาทนียสูตร)",
      "url": "https://archive.org/download/dhamma-sutta.com_20250521/%E0%B8%95%E0%B8%AD%E0%B8%99%E0%B8%97%E0%B8%B5%E0%B9%88%20%E0%B9%91%E0%B9%94%20%28dhamma-sutta.com%29.mp3"
    },

    {
      "title": "ตอนที่ ๑๕ พระสารีบุตรประกาศความเลื่อมใส ๓ (สัมปสาทนียสูตร)",
      "url": "https://archive.org/download/dhamma-sutta.com_20250521/%E0%B8%95%E0%B8%AD%E0%B8%99%E0%B8%97%E0%B8%B5%E0%B9%88%20%E0%B9%91%E0%B9%95%20%28dhamma-sutta.com%29.mp3"
    },
    {
      "title": "ตอนที่ ๑๖ พระสารีบุตรประกาศความเลื่อมใส ๔ (สัมปสาทนียสูตร)",
      "url": "https://archive.org/download/dhamma-sutta.com_20250521/%E0%B8%95%E0%B8%AD%E0%B8%99%E0%B8%97%E0%B8%B5%E0%B9%88%20%E0%B9%91%E0%B9%96%20%28dhamma-sutta.com%29.mp3"
    },

    {
      "title": "ตอนที่ ๑๗ พระสารีบุตรประกาศความเลื่อมใส ๕ (สัมปสาทนียสูตร)",
      "url": "https://archive.org/download/dhamma-sutta.com_20250521/%E0%B8%95%E0%B8%AD%E0%B8%99%E0%B8%97%E0%B8%B5%E0%B9%88%20%E0%B9%91%E0%B9%97%28dhamma-sutta.com%29.mp3"
    },
    {
      "title": "ตอนที่ ๑๘ พระสารีบุตรประกาศความเลื่อมใส ๖ (สัมปสาทนียสูตร)",
      "url": "https://archive.org/download/dhamma-sutta.com_20250521/%E0%B8%95%E0%B8%AD%E0%B8%99%E0%B8%97%E0%B8%B5%E0%B9%88%20%E0%B9%91%E0%B9%98%28dhamma-sutta.com%29.mp3"
    },

    {
      "title": "ตอนที่ ๑๙ พระสารีบุตรประกาศความเลื่อมใส ๗ (สัมปสาทนียสูตร)",
      "url": "https://archive.org/download/dhamma-sutta.com_20250521/%E0%B8%95%E0%B8%AD%E0%B8%99%E0%B8%97%E0%B8%B5%E0%B9%88%20%E0%B9%91%E0%B9%99%28dhamma-sutta.com%29.mp3"
    },
    {
      "title": "ตอนที่ ๒๐ พระสารีบุตรประกาศความเลื่อมใส ๘ (สัมปสาทนียสูตร)",
      "url": "https://archive.org/download/dhamma-sutta.com_20250521/%E0%B8%95%E0%B8%AD%E0%B8%99%E0%B8%97%E0%B8%B5%E0%B9%88%20%E0%B9%92%E0%B9%90%28dhamma-sutta.com%29.mp3"
    },

    {
      "title": "ตอนที่ ๒๑ พระสารีบุตรประกาศความเลื่อมใส ๙ (สัมปสาทนียสูตร)",
      "url": "https://archive.org/download/dhamma-sutta.com_20250521/%E0%B8%95%E0%B8%AD%E0%B8%99%E0%B8%97%E0%B8%B5%E0%B9%88%20%E0%B9%92%E0%B9%91%28dhamma-sutta.com%29.mp3"
    },
    {
      "title": "ตอนที่ ๒๒ พระสารีบุตรประกาศความเลื่อมใส ๑๐ (สัมปสาทนียสูตร)",
      "url": "https://archive.org/download/dhamma-sutta.com_20250521/%E0%B8%95%E0%B8%AD%E0%B8%99%E0%B8%97%E0%B8%B5%E0%B9%88%20%E0%B9%92%E0%B9%92%28dhamma-sutta.com%29.mp3"
    },

    {
      "title": "ตอนที่ ๒๓ สรุป บทว่าด้วย อรหัง ๑",
      "url": "https://archive.org/download/dhamma-sutta.com_20250521/%E0%B8%95%E0%B8%AD%E0%B8%99%E0%B8%97%E0%B8%B5%E0%B9%88%20%E0%B9%92%E0%B9%93%28dhamma-sutta.com%29.mp3"
    },
    {
      "title": "ตอนที่ ๒๔ สรุป บทว่าด้วย อรหัง ๒",
      "url": "https://archive.org/download/dhamma-sutta.com_20250521/%E0%B8%95%E0%B8%AD%E0%B8%99%E0%B8%97%E0%B8%B5%E0%B9%88%20%E0%B9%92%E0%B9%94%28dhamma-sutta.com%29.mp3"
    },

    {
      "title": "ตอนที่ ๒๕ บทว่าด้วย สัมมาสัมพุทโธ ๑",
      "url": "https://archive.org/download/dhamma-sutta.com_20250521/%E0%B8%95%E0%B8%AD%E0%B8%99%E0%B8%97%E0%B8%B5%E0%B9%88%20%E0%B9%92%E0%B9%95%28dhamma-sutta.com%29.mp3"
    },
    {
      "title": "ตอนที่ ๒๖ บทว่าด้วย สัมมาสัมพุทโธ ๒",
      "url": "https://archive.org/download/dhamma-sutta.com_20250521/%E0%B8%95%E0%B8%AD%E0%B8%99%E0%B8%97%E0%B8%B5%E0%B9%88%20%E0%B9%92%E0%B9%96%28dhamma-sutta.com%29.mp3"
    },

    {
      "title": "ตอนที่ ๒๗ บทว่าด้วย สัมมาสัมพุทโธ ๓",
      "url": "https://archive.org/download/dhamma-sutta.com_20250521/%E0%B8%95%E0%B8%AD%E0%B8%99%E0%B8%97%E0%B8%B5%E0%B9%88%20%E0%B9%92%E0%B9%97%28dhamma-sutta.com%29.mp3"
    },
    
    {
      "title": "ตอนที่ ๒๘ บทว่าด้วย สัมมาสัมพุทโธ ๔",
      "url": "https://archive.org/download/dhamma-sutta.com_20250521/%E0%B8%95%E0%B8%AD%E0%B8%99%E0%B8%97%E0%B8%B5%E0%B9%88%20%E0%B9%92%E0%B9%98%28dhamma-sutta.com%29.mp3"
    },
    {
      "title": "ตอนที่ ๒๙ บทว่าด้วย สัมมาสัมพุทโธ ๕",
      "url": "https://archive.org/download/dhamma-sutta.com_20250521/%E0%B8%95%E0%B8%AD%E0%B8%99%E0%B8%97%E0%B8%B5%E0%B9%88%20%E0%B9%92%E0%B9%99%28dhamma-sutta.com%29.mp3"
    }
  ],
  "บทสรรเสริญพระรัตนตรัย ๑๙ ตอน": [
    {
      "title": "ตอนที่ ๑ ห้วงบุญ-ห้วงกุศล",
      "url": "https://archive.org/download/20250520_20250520_0940/%E0%B8%95%E0%B8%AD%E0%B8%99%E0%B8%97%E0%B8%B5%E0%B9%88%20%E0%B9%91.mp3"
    },
    {
      "title": "ตอนที่ ๒ ทำศรัทธาให้มีกำลัง",
      "url": "https://archive.org/download/20250520_20250520_0940/%E0%B8%95%E0%B8%AD%E0%B8%99%E0%B8%97%E0%B8%B5%E0%B9%88%20%E0%B9%92.mp3"
    },
  {
      "title": "ตอนที่ ๓ พระผู้ไกลจากกิเลส",
      "url": "https://archive.org/download/20250520_20250520_0940/%E0%B8%95%E0%B8%AD%E0%B8%99%E0%B8%97%E0%B8%B5%E0%B9%88%20%E0%B9%93%20%28www.dhamma-sutta.com%29.mp3"
    },
    {
      "title": "ตอนที่ ๔ บทว่า สัมมาสัมพุทโธ",
      "url": "https://archive.org/download/20250520_20250520_0940/%E0%B8%95%E0%B8%AD%E0%B8%99%E0%B8%97%E0%B8%B5%E0%B9%88%20%E0%B9%94%20%28www.dhamma-sutta.com%29.mp3"
    },

  {
      "title": "ตอนที่ ๕ ทำเหตุแห่งปัญญา",
      "url": "https://archive.org/download/20250520_20250520_0940/%E0%B8%95%E0%B8%AD%E0%B8%99%E0%B8%97%E0%B8%B5%E0%B9%88%20%E0%B9%95%20%28www.dhamma-sutta.com%29.mp3"
    },
    {
      "title": "ตอนที่ ๖ วิชชา / จรณะ",
      "url": "https://archive.org/download/20250520_20250520_0940/%E0%B8%95%E0%B8%AD%E0%B8%99%E0%B8%97%E0%B8%B5%E0%B9%88%20%E0%B9%96%20%28www.dhamma-sutta.com%29.mp3"
    },

  {
      "title": "ตอนที่ ๗ จรณะ๑๕ / สีลสัมปทา",
      "url": "https://archive.org/download/20250520_20250520_0940/%E0%B8%95%E0%B8%AD%E0%B8%99%E0%B8%97%E0%B8%B5%E0%B9%88%20%E0%B9%97%20%28www.dhamma-sutta.com%29.mp3"
    },
    {
      "title": "ตอนที่ ๘ อินทรีย์สังวร / โภชเนฯ-ชาคริยานุโยค / หิริ-โอตตัปปะ",
      "url": "https://archive.org/download/20250520_20250520_0940/%E0%B8%95%E0%B8%AD%E0%B8%99%E0%B8%97%E0%B8%B5%E0%B9%88%20%E0%B9%98%20%28www.dhamma-sutta.com%29.mp3"
    },

  {
      "title": "ตอนที่ ๙ พหูสูต / วิริยะ สติ ปัญญา",
      "url": "https://archive.org/download/20250520_20250520_0940/%E0%B8%95%E0%B8%AD%E0%B8%99%E0%B8%97%E0%B8%B5%E0%B9%88%20%E0%B9%99%20%28www.dhamma-sutta.com%29.mp3"
    },
    {
      "title": "ตอนที่ ๑๐ แนวทางเจริญพุทธคุณ / วิธีเจริญศรัทธา",
      "url": "https://archive.org/download/20250520_20250520_0940/%E0%B8%95%E0%B8%AD%E0%B8%99%E0%B8%97%E0%B8%B5%E0%B9%88%20%E0%B9%91%E0%B9%90%20%28www.dhamma-sutta.com%29.mp3"
    },

  {
      "title": "ตอนที่ ๑๑ ผู้ทรงมีสติ",
      "url": "https://archive.org/download/20250520_20250520_0940/%E0%B8%95%E0%B8%AD%E0%B8%99%E0%B8%97%E0%B8%B5%E0%B9%88%20%E0%B9%91%E0%B9%91%20%28www.dhamma-sutta.com%29.mp3"
    },
    {
      "title": "ตอนที่ ๑๒ ทรงถึงพร้อมด้วยปัญญา",
      "url": "https://archive.org/download/20250520_20250520_0940/%E0%B8%95%E0%B8%AD%E0%B8%99%E0%B8%97%E0%B8%B5%E0%B9%88%20%E0%B9%91%E0%B9%92%28www.dhamma-sutta.com%29.mp3"
    },


  {
      "title": "ตอนที่ ๑๓ พระจักษุ ๕ ประการ",
      "url": "https://archive.org/download/20250520_20250520_0940/%E0%B8%95%E0%B8%AD%E0%B8%99%E0%B8%97%E0%B8%B5%E0%B9%88%20%E0%B9%91%E0%B9%93%28www.dhamma-sutta.com%29.mp3"
    },
    {
      "title": "ตอนที่ ๑๔ บุพพจริยาคุณ / ทรงฝึกบุรุษที่ควรฝึก",
      "url": "https://archive.org/download/20250520_20250520_0940/%E0%B8%95%E0%B8%AD%E0%B8%99%E0%B8%97%E0%B8%B5%E0%B9%88%20%E0%B9%91%E0%B9%94%28www.dhamma-sutta.com%29.mp3"
    },

  {
      "title": "ตอนที่ ๑๕ วิปัสสนาปัญญา",
      "url": "https://archive.org/download/20250520_20250520_0940/%E0%B8%95%E0%B8%AD%E0%B8%99%E0%B8%97%E0%B8%B5%E0%B9%88%20%E0%B9%91%E0%B9%95%28www.dhamma-sutta.com%29.mp3"
    },
    {
      "title": "ตอนที่ ๑๖ ข้อปฏิบัติในพระพุทธศาสนา",
      "url": "https://archive.org/download/20250520_20250520_0940/%E0%B8%95%E0%B8%AD%E0%B8%99%E0%B8%97%E0%B8%B5%E0%B9%88%20%E0%B9%91%E0%B9%96%28www.dhamma-sutta.com%29.mp3"
    },

  {
      "title": "ตอนที่ ๑๗ วิปัสสนาปัญญา",
      "url": "https://archive.org/download/20250520_20250520_0940/%E0%B8%95%E0%B8%AD%E0%B8%99%E0%B8%97%E0%B8%B5%E0%B9%88%20%E0%B9%91%E0%B9%97%28www.dhamma-sutta.com%29.mp3"
    },
    {
      "title": "ตอนที่ ๑๘ มโนมยิทธิ / อิทธิวิธิญาณ",
      "url": "https://archive.org/download/20250520_20250520_0940/%E0%B8%95%E0%B8%AD%E0%B8%99%E0%B8%97%E0%B8%B5%E0%B9%88%20%E0%B9%91%E0%B9%98%28www.dhamma-sutta.com%29.mp3"
    },

 {
      "title": "ตอนที่ ๑๙ ปุพเพนุวาสานุสสติญาณ / ทิพพจักขุญาณ",
      "url": "https://archive.org/download/20250520_20250520_0940/%E0%B8%95%E0%B8%AD%E0%B8%99%E0%B8%97%E0%B8%B5%E0%B9%88%20%E0%B9%91%E0%B9%99%28www.dhamma-sutta.com%29.mp3"
    }
    

    
  ],


  "คัมภีร์พุทธวงศ์ ๔๑ ตอน": [
   
    {
      "title": "ตอนที่ ๑: รัตนจังกมนกัณฑ์/ แสดงพุทธวงศ์/",
      "url": "https://archive.org/download/dhamma-sutta.com_20250519_0931/%E0%B8%9E%E0%B8%B8%E0%B8%97%E0%B8%98%E0%B8%A7%E0%B8%87%E0%B8%A8%E0%B9%8C%20%E0%B8%95%E0%B8%AD%E0%B8%99%E0%B8%97%E0%B8%B5%E0%B9%88%E0%B9%91%20%28dhamma-sutta.com%29.mp3"
    },
    
    {
      "title": "ตอนที่ ๒: อัพภันตรนิทาน",
      "url": "https://archive.org/download/dhamma-sutta.com_20250519_1327/%E0%B8%9E%E0%B8%B8%E0%B8%97%E0%B8%98%E0%B8%A7%E0%B8%87%E0%B8%A8%E0%B9%8C%20%E0%B8%95%E0%B8%AD%E0%B8%99%E0%B8%97%E0%B8%B5%E0%B9%88%E0%B9%92%20%28dhamma-sutta.com%29.mp3"
    },
    
    {
      "title": "ตอนที่ ๓: ธัมมจักรกัปปวัตตนสูตร/ อนัตตลักขณสูตร",
      "url": "https://archive.org/download/dhamma-sutta.com_20250519_1417/%E0%B8%9E%E0%B8%B8%E0%B8%97%E0%B8%98%E0%B8%A7%E0%B8%87%E0%B8%A8%E0%B9%8C%20%E0%B8%95%E0%B8%AD%E0%B8%99%E0%B8%97%E0%B8%B5%E0%B9%88%E0%B9%93%20%28dhamma-sutta.com%29.mp3"
    },
    
    {
      "title": "ตอนที่ ๔: โปรดพระยสกุลบุตร",
      "url": "https://archive.org/download/dhamma-sutta.com_20250519_2122/%E0%B8%9E%E0%B8%B8%E0%B8%97%E0%B8%98%E0%B8%A7%E0%B8%87%E0%B8%A8%E0%B9%8C%20%E0%B8%95%E0%B8%AD%E0%B8%99%E0%B8%97%E0%B8%B5%E0%B9%88%E0%B9%94%20%28dhamma-sutta.com%29.mp3"
    },
    
    {
      "title": "ตอนที่ ๕: โปรดชฏิล ๓ พี่น้อง แสดงอาทิตตปริยายสูตร",
      "url": "https://archive.org/download/dhamma-sutta.com_20250519_2232/%E0%B8%9E%E0%B8%B8%E0%B8%97%E0%B8%98%E0%B8%A7%E0%B8%87%E0%B8%A8%E0%B9%8C%20%E0%B8%95%E0%B8%AD%E0%B8%99%E0%B8%97%E0%B8%B5%E0%B9%88%E0%B9%95%20%28dhamma-sutta.com%29.mp3"
    },
    
    {
      "title": "ตอนที่ ๖: เสด็จถึงราชคฤห์ โปรดพระเจ้าพิมพิสาร",
      "url": "https://archive.org/download/dhamma-sutta.com_20250519_2257/%E0%B8%9E%E0%B8%B8%E0%B8%97%E0%B8%98%E0%B8%A7%E0%B8%87%E0%B8%A8%E0%B9%8C%20%E0%B8%95%E0%B8%AD%E0%B8%99%E0%B8%97%E0%B8%B5%E0%B9%88%E0%B9%96%20%28dhamma-sutta.com%29.mp3"
    },
    
    {
      "title": "ตอนที่ ๗: อธิบายอรรถกถา รัตนจังกมนกัณฑ์",
      "url": "https://archive.org/download/dhamma-sutta.com_20250520/%E0%B8%9E%E0%B8%B8%E0%B8%97%E0%B8%98%E0%B8%A7%E0%B8%87%E0%B8%A8%E0%B9%8C%20%E0%B8%95%E0%B8%AD%E0%B8%99%E0%B8%97%E0%B8%B5%E0%B9%88%E0%B9%97%20%28dhamma-sutta.com%29.mp3"
    },
    
    {
      "title": "ตอนที่ ๘: วงศ์ของพระทีปังกรพุทธเจ้า พระพุทธเจ้าองค์ที่ ๑ ",
      "url": "https://archive.org/download/dhamma-sutta.com_20250520_0606/%E0%B8%9E%E0%B8%B8%E0%B8%97%E0%B8%98%E0%B8%A7%E0%B8%87%E0%B8%A8%E0%B9%8C%20%E0%B8%95%E0%B8%AD%E0%B8%99%E0%B8%97%E0%B8%B5%E0%B9%88%E0%B9%98%20%28dhamma-sutta.com%29.mp3"
    },
    
    {
      "title": "ตอนที่ ๙: ความปรารถนาของท่านสุเมธดาบส ๑",
      "url": "https://archive.org/download/dhamma-sutta.com_20250520_0616/%E0%B8%9E%E0%B8%B8%E0%B8%97%E0%B8%98%E0%B8%A7%E0%B8%87%E0%B8%A8%E0%B9%8C%20%E0%B8%95%E0%B8%AD%E0%B8%99%E0%B8%97%E0%B8%B5%E0%B9%88%E0%B9%99%20%28dhamma-sutta.com%29.mp3"
    },
    
    {
      "title": "ตอนที่ ๑๐: ความปรารถนาของท่านสุเมธดาบส ๒",
      "url": "https://archive.org/download/dhamma-sutta.com_20250520_0657/%E0%B8%9E%E0%B8%B8%E0%B8%97%E0%B8%98%E0%B8%A7%E0%B8%87%E0%B8%A8%E0%B9%8C%20%E0%B8%95%E0%B8%AD%E0%B8%99%E0%B8%97%E0%B8%B5%E0%B9%88%E0%B9%91%E0%B9%90%20%28dhamma-sutta.com%29.mp3"
    },
    
    {
      "title": "ตอนที่ ๑๑: ความปรารถนาของท่านสุเมธดาบส ๓",
      "url": "https://archive.org/download/dhamma-sutta.com_20250520_0723/%E0%B8%9E%E0%B8%B8%E0%B8%97%E0%B8%98%E0%B8%A7%E0%B8%87%E0%B8%A8%E0%B9%8C%20%E0%B8%95%E0%B8%AD%E0%B8%99%E0%B8%97%E0%B8%B5%E0%B9%88%E0%B9%91%E0%B9%91%20%28dhamma-sutta.com%29.mp3"
    },
    
    {
      "title": "ตอนที่ ๑๒: ศีลบารมี - ขันติบารมี - สัจจะบารมี",
      "url": "https://archive.org/download/dhamma-sutta.com_20250520_0735/%E0%B8%9E%E0%B8%B8%E0%B8%97%E0%B8%98%E0%B8%A7%E0%B8%87%E0%B8%A8%E0%B9%8C%20%E0%B8%95%E0%B8%AD%E0%B8%99%E0%B8%97%E0%B8%B5%E0%B9%88%E0%B9%91%E0%B9%92%20%28dhamma-sutta.com%29.mp3"
    },
    
    {
      "title": "ตอนที่ ๑๓: วงศ์พระโกณฑัญญะพุทธเจ้า พระพุทธเจ้าองค์ที่ ๒",
      "url": "https://archive.org/download/dhamma-sutta.com_20250520_0800/%E0%B8%9E%E0%B8%B8%E0%B8%97%E0%B8%98%E0%B8%A7%E0%B8%87%E0%B8%A8%E0%B9%8C%20%E0%B8%95%E0%B8%AD%E0%B8%99%E0%B8%97%E0%B8%B5%E0%B9%88%E0%B9%91%E0%B9%93%20%28dhamma-sutta.com%29.mp3"
    },
    
    {
      "title": "ตอนที่ ๑๔: วงศ์พระมงคลพุทธเจ้า พระพุทธเจ้าองค์ที่ ๓",
      "url": "https://archive.org/download/dhamma-sutta.com/%E0%B8%9E%E0%B8%B8%E0%B8%97%E0%B8%98%E0%B8%A7%E0%B8%87%E0%B8%A8%E0%B9%8C%20%E0%B8%95%E0%B8%AD%E0%B8%99%E0%B8%97%E0%B8%B5%E0%B9%88%E0%B9%91%E0%B9%94%20%28dhamma-sutta.com%29.mp3"
    },
    
    {
      "title": "ตอนที่ ๑๕: วงศ์พระสุมนพุทธเจ้า พระพุทธเจ้าองค์ที่ ๔",
      "url": "https://archive.org/download/dhamma-sutta.com_20250520_0815/%E0%B8%9E%E0%B8%B8%E0%B8%97%E0%B8%98%E0%B8%A7%E0%B8%87%E0%B8%A8%E0%B9%8C%20%E0%B8%95%E0%B8%AD%E0%B8%99%E0%B8%97%E0%B8%B5%E0%B9%88%E0%B9%91%E0%B9%95%20%28dhamma-sutta.com%29.mp3"
    },
    
    {
      "title": "ตอนที่ ๑๖: วงศ์พระเรวตพุทธเจ้า พระพุทธเจ้าองค์ที่ ๕ ",
      "url": "https://archive.org/download/dhamma-sutta.com_202505/%E0%B8%9E%E0%B8%B8%E0%B8%97%E0%B8%98%E0%B8%A7%E0%B8%87%E0%B8%A8%E0%B9%8C%20%E0%B8%95%E0%B8%AD%E0%B8%99%E0%B8%97%E0%B8%B5%E0%B9%88%E0%B9%91%E0%B9%96%20%28dhamma-sutta.com%29.mp3"
    },
    
    {
      "title": "ตอนที่ ๑๗: พระพุทธเจ้ากับการเจริญมงคล",
      "url": "https://archive.org/download/dhamma-sutta.com_20250506/%E0%B8%9E%E0%B8%B8%E0%B8%97%E0%B8%98%E0%B8%A7%E0%B8%87%E0%B8%A8%E0%B9%8C%20%E0%B8%95%E0%B8%AD%E0%B8%99%E0%B8%97%E0%B8%B5%E0%B9%88%E0%B9%91%E0%B9%97%20%28dhamma-sutta.com%29.mp3"
    },
    
    {
      "title": "ตอนที่ ๑๘: วงศ์พระโสภิตพุทธเจ้า พระพุทธเจ้าองค์ที่ ๖",
      "url": "https://archive.org/download/dhamma-sutta.com_20250506_1208/%E0%B8%9E%E0%B8%B8%E0%B8%97%E0%B8%98%E0%B8%A7%E0%B8%87%E0%B8%A8%E0%B9%8C%20%E0%B8%95%E0%B8%AD%E0%B8%99%E0%B8%97%E0%B8%B5%E0%B9%88%E0%B9%91%E0%B9%98%20%28dhamma-sutta.com%29.mp3"
    },
    
    {
      "title": "ตอนที่ ๑๙: วงศ์พระอโนมทัสสีพุทธเจ้า พระพุทธเจ้าองค์ที่ ๗",
      "url": "https://archive.org/download/dhamma-sutta.com_20250506_1212/%E0%B8%9E%E0%B8%B8%E0%B8%97%E0%B8%98%E0%B8%A7%E0%B8%87%E0%B8%A8%E0%B9%8C%20%E0%B8%95%E0%B8%AD%E0%B8%99%E0%B8%97%E0%B8%B5%E0%B9%88%E0%B9%91%E0%B9%99%20%28dhamma-sutta.com%29.mp3"
    },
    
    {
      "title": "ตอนที่ ๒๐: พุทธะพยากรณ์ให้ท่านพระสารีบุตร",
      "url": "https://archive.org/download/dhamma-sutta.com_20250506_1214/%E0%B8%9E%E0%B8%B8%E0%B8%97%E0%B8%98%E0%B8%A7%E0%B8%87%E0%B8%A8%E0%B9%8C%20%E0%B8%95%E0%B8%AD%E0%B8%99%E0%B8%97%E0%B8%B5%E0%B9%88%E0%B9%92%E0%B9%90%20%28dhamma-sutta.com%29.mp3"
    },
    
{
      "title": "ตอนที่ ๒๑: วงศ์พระปทุมพุทธเจ้า พระพุทธเจ้าองค์ที่ ๘",
      "url": "https://archive.org/download/dhamma-sutta.com_20250508_0354/%E0%B8%9E%E0%B8%B8%E0%B8%97%E0%B8%98%E0%B8%A7%E0%B8%87%E0%B8%A8%E0%B9%8C%20%E0%B8%95%E0%B8%AD%E0%B8%99%E0%B8%97%E0%B8%B5%E0%B9%88%E0%B9%92%E0%B9%91%20%28dhamma-sutta.com%29.mp3"
    },
    
    {
      "title": "ตอนที่ ๒๒: วงศ์พระนารทพุทธเจ้า พระพุทธเจ้าองค์ที่ ๙",
      "url": "https://archive.org/download/dhamma-sutta.com_20250508_0403/%E0%B8%9E%E0%B8%B8%E0%B8%97%E0%B8%98%E0%B8%A7%E0%B8%87%E0%B8%A8%E0%B9%8C%20%E0%B8%95%E0%B8%AD%E0%B8%99%E0%B8%97%E0%B8%B5%E0%B9%88%E0%B9%92%E0%B9%92%20%28dhamma-sutta.com%29.mp3"
    },
    
    {
      "title": "ตอนที่ ๒๓: วงศ์พระปทุมุตรพุทธเจ้า พระพุทธเจ้าองค์ที่ ๑๐",
      "url": "https://archive.org/download/dhamma-sutta.com_20250508_0416/%E0%B8%9E%E0%B8%B8%E0%B8%97%E0%B8%98%E0%B8%A7%E0%B8%87%E0%B8%A8%E0%B9%8C%20%E0%B8%95%E0%B8%AD%E0%B8%99%E0%B8%97%E0%B8%B5%E0%B9%88%E0%B9%92%E0%B9%93%20%28dhamma-sutta.com%29.mp3"
    },
    
    {
      "title": "ตอนที่ ๒๔: วงศ์พระสุเมธพุทธเจ้า พระพุทธเจ้าองค์ที่ ๑๑",
      "url": "https://archive.org/download/dhamma-sutta.com_20250508_0439/%E0%B8%9E%E0%B8%B8%E0%B8%97%E0%B8%98%E0%B8%A7%E0%B8%87%E0%B8%A8%E0%B9%8C%20%E0%B8%95%E0%B8%AD%E0%B8%99%E0%B8%97%E0%B8%B5%E0%B9%88%E0%B9%92%E0%B9%94%20%28dhamma-sutta.com%29.mp3"
    },
    
    {
      "title": "ตอนที่ ๒๕: วงศ์พระสุชาตพุทธเจ้า พระพุทธเจ้าองค์ที่ ๑๒",
      "url": "https://archive.org/download/dhamma-sutta.com_20250508_0445/%E0%B8%9E%E0%B8%B8%E0%B8%97%E0%B8%98%E0%B8%A7%E0%B8%87%E0%B8%A8%E0%B9%8C%20%E0%B8%95%E0%B8%AD%E0%B8%99%E0%B8%97%E0%B8%B5%E0%B9%88%E0%B9%92%E0%B9%95%20%28dhamma-sutta.com%29.mp3"
    },
    
    {
      "title": "ตอนที่ ๒๖: วงศ์พระปิยทัสสีพุทธเจ้า พระพุทธเจ้าองค์ที่ ๑๓",
      "url": "https://archive.org/download/dhamma-sutta.com_20250518/%E0%B8%9E%E0%B8%B8%E0%B8%97%E0%B8%98%E0%B8%A7%E0%B8%87%E0%B8%A8%E0%B9%8C%20%E0%B8%95%E0%B8%AD%E0%B8%99%E0%B8%97%E0%B8%B5%E0%B9%88%E0%B9%92%E0%B9%96%20%28dhamma-sutta.com%29.mp3"
    },
    
    {
      "title": "ตอนที่ ๒๗: วงศ์พระอัตถทัสสีพุทธเจ้า พระพุทธเจ้าองค์ที่ ๑๔",
      "url": "https://archive.org/download/dhamma-sutta.com_20250518_0747/%E0%B8%9E%E0%B8%B8%E0%B8%97%E0%B8%98%E0%B8%A7%E0%B8%87%E0%B8%A8%E0%B9%8C%20%E0%B8%95%E0%B8%AD%E0%B8%99%E0%B8%97%E0%B8%B5%E0%B9%88%E0%B9%92%E0%B9%97%20%28dhamma-sutta.com%29.mp3"
    },
    
    {
      "title": "ตอนที่ ๒๘: วงศ์พระธัมมทัสสีพุทธเจ้า พระพุทธเจ้าองค์ที่ ๑๕",
      "url": "https://archive.org/download/dhamma-sutta.com_20250519/%E0%B8%9E%E0%B8%B8%E0%B8%97%E0%B8%98%E0%B8%A7%E0%B8%87%E0%B8%A8%E0%B9%8C%20%E0%B8%95%E0%B8%AD%E0%B8%99%E0%B8%97%E0%B8%B5%E0%B9%88%E0%B9%92%E0%B9%98%20%28dhamma-sutta.com%29.mp3"
    },
    
    {
      "title": "ตอนที่ ๒๙: วงศ์พระสิทธัตถพุทธเจ้า พระพุทธเจ้าองค์ที่ ๑๖",
      "url": "https://archive.org/download/dhamma-sutta.com_20250519_0409/%E0%B8%9E%E0%B8%B8%E0%B8%97%E0%B8%98%E0%B8%A7%E0%B8%87%E0%B8%A8%E0%B9%8C%20%E0%B8%95%E0%B8%AD%E0%B8%99%E0%B8%97%E0%B8%B5%E0%B9%88%E0%B9%92%E0%B9%99%20%28dhamma-sutta.com%29.mp3"
    },
    
    {
      "title": "ตอนที่ ๓๐: วงศ์พระติสสพุทธเจ้า พระพุทธเจ้าองค์ที่ ๑๗",
      "url": "https://archive.org/download/dhamma-sutta.com_20250519_0424/%E0%B8%9E%E0%B8%B8%E0%B8%97%E0%B8%98%E0%B8%A7%E0%B8%87%E0%B8%A8%E0%B9%8C%20%E0%B8%95%E0%B8%AD%E0%B8%99%E0%B8%97%E0%B8%B5%E0%B9%88%E0%B9%93%E0%B9%90%20%28dhamma-sutta.com%29.mp3"
    },


{
      "title": "ตอนที่ ๓๑: วงศ์พระปุสสพุทธเจ้า พระพุทธเจ้าองค์ที่ ๑๘",
      "url": "https://archive.org/download/dhamma-sutta.com_20250519_0439/%E0%B8%9E%E0%B8%B8%E0%B8%97%E0%B8%98%E0%B8%A7%E0%B8%87%E0%B8%A8%E0%B9%8C%20%E0%B8%95%E0%B8%AD%E0%B8%99%E0%B8%97%E0%B8%B5%E0%B9%88%E0%B9%93%E0%B9%91%20%28dhamma-sutta.com%29.mp3"
    },
    
    {
      "title": "ตอนที่ ๓๒: วงศ์พระวิปัสสีพุทธเจ้า พระพุทธเจ้าองค์ที่ ๑๙",
      "url": "https://archive.org/download/dhamma-sutta.com_20250520_0820/%E0%B8%9E%E0%B8%B8%E0%B8%97%E0%B8%98%E0%B8%A7%E0%B8%87%E0%B8%A8%E0%B9%8C%20%E0%B8%95%E0%B8%AD%E0%B8%99%E0%B8%97%E0%B8%B5%E0%B9%88%E0%B9%93%E0%B9%92%20%28dhamma-sutta.com%29.mp3"
    },
    
    {
      "title": "ตอนที่ ๓๓: วงศ์พระสิขีพุทธเจ้า พระพุทธเจ้าองค์ที่ ๒๐",
      "url": "https://archive.org/download/dhamma-sutta.com_20250519_0456/%E0%B8%9E%E0%B8%B8%E0%B8%97%E0%B8%98%E0%B8%A7%E0%B8%87%E0%B8%A8%E0%B9%8C%20%E0%B8%95%E0%B8%AD%E0%B8%99%E0%B8%97%E0%B8%B5%E0%B9%88%E0%B9%93%E0%B9%93%20%28dhamma-sutta.com%29.mp3"
    },
    
    {
      "title": "ตอนที่ ๓๔: วงศ์พระเวสสภูพุทธเจ้า พระพุทธเจ้าองค์ที่ ๒๑",
      "url": "https://archive.org/download/dhamma-sutta.com_20250519_0534/%E0%B8%9E%E0%B8%B8%E0%B8%97%E0%B8%98%E0%B8%A7%E0%B8%87%E0%B8%A8%E0%B9%8C%20%E0%B8%95%E0%B8%AD%E0%B8%99%E0%B8%97%E0%B8%B5%E0%B9%88%E0%B9%93%E0%B9%94%20%28dhamma-sutta.com%29.mp3"
    },
    
    {
      "title": "ตอนที่ ๓๕: วงศ์พระกกุสันธพุทธเจ้า พระพุทธเจ้าองค์ที่ ๒๒",
      "url": "https://archive.org/download/dhamma-sutta.com_20250519_0600/%E0%B8%9E%E0%B8%B8%E0%B8%97%E0%B8%98%E0%B8%A7%E0%B8%87%E0%B8%A8%E0%B9%8C%20%E0%B8%95%E0%B8%AD%E0%B8%99%E0%B8%97%E0%B8%B5%E0%B9%88%E0%B9%93%E0%B9%95%20%28dhamma-sutta.com%29.mp3"
    },
    
    {
      "title": "ตอนที่ ๓๖: มารตัชชนียสูตร",
      "url": "https://archive.org/download/dhamma-sutta.com_20250519_0621/%E0%B8%9E%E0%B8%B8%E0%B8%97%E0%B8%98%E0%B8%A7%E0%B8%87%E0%B8%A8%E0%B9%8C%20%E0%B8%95%E0%B8%AD%E0%B8%99%E0%B8%97%E0%B8%B5%E0%B9%88%E0%B9%93%E0%B9%96%20%28dhamma-sutta.com%29.mp3"
    },
    
    {
      "title": "ตอนที่ ๓๗: วงศ์พระโกนาคมนพุทธเจ้า พระพุทธเจ้าองค์ที่ ๒๓",
      "url": "https://archive.org/download/dhamma-sutta.com_20250519_0644/%E0%B8%9E%E0%B8%B8%E0%B8%97%E0%B8%98%E0%B8%A7%E0%B8%87%E0%B8%A8%E0%B9%8C%20%E0%B8%95%E0%B8%AD%E0%B8%99%E0%B8%97%E0%B8%B5%E0%B9%88%E0%B9%93%E0%B9%97%20%28dhamma-sutta.com%29.mp3"
    },
    
    {
      "title": "ตอนที่ ๓๘: ปัพพตสูตร",
      "url": "https://archive.org/download/dhamma-sutta.com_20250519_0720/%E0%B8%9E%E0%B8%B8%E0%B8%97%E0%B8%98%E0%B8%A7%E0%B8%87%E0%B8%A8%E0%B9%8C%20%E0%B8%95%E0%B8%AD%E0%B8%99%E0%B8%97%E0%B8%B5%E0%B9%88%E0%B9%93%E0%B9%98%20%28dhamma-sutta.com%29.mp3"
    },
    
    {
      "title": "ตอนที่ ๓๙: วงศ์พระกัสสปพุทธเจ้า พระพุทธเจ้าองค์ที่ ๒๔",
      "url": "https://archive.org/download/dhamma-sutta.com_20250519_0738/%E0%B8%9E%E0%B8%B8%E0%B8%97%E0%B8%98%E0%B8%A7%E0%B8%87%E0%B8%A8%E0%B9%8C%20%E0%B8%95%E0%B8%AD%E0%B8%99%E0%B8%97%E0%B8%B5%E0%B9%88%E0%B9%93%E0%B9%99%20%28dhamma-sutta.com%29.mp3"
    },
    
    {
      "title": "ตอนที่ ๔๐: วงศ์พระโคตมพุทธเจ้า พระพุทธเจ้าองค์ที่ ๒๕",
      "url": "https://archive.org/download/dhamma-sutta.com_20250519_0811/%E0%B8%9E%E0%B8%B8%E0%B8%97%E0%B8%98%E0%B8%A7%E0%B8%87%E0%B8%A8%E0%B9%8C%20%E0%B8%95%E0%B8%AD%E0%B8%99%E0%B8%97%E0%B8%B5%E0%B9%88%E0%B9%94%E0%B9%90%20%28dhamma-sutta.com%29.mp3"
      },
  
    {
      "title": "ตอนที่ ๔๑: กัณฑ์ปกิณกะ",
      "url": "https://archive.org/download/dhamma-sutta.com_20250519_0924/%E0%B8%9E%E0%B8%B8%E0%B8%97%E0%B8%98%E0%B8%A7%E0%B8%87%E0%B8%A8%E0%B9%8C%20%E0%B8%95%E0%B8%AD%E0%B8%99%E0%B8%97%E0%B8%B5%E0%B9%88%E0%B9%94%E0%B9%91%20%28dhamma-sutta.com%29.mp3"
    }
  ]
  
}

